Date,Value,
31.12.2016,912.2600,
30.12.2016,907.1400,
29.12.2016,934.5700,
28.12.2016,916.5400,
27.12.2016,880.8000,
26.12.2016,865.1600,
25.12.2016,842.0800,
24.12.2016,866.2000,
23.12.2016,864.7800,
22.12.2016,823.2100,
21.12.2016,788.7700,
20.12.2016,765.4200,
19.12.2016,761.1400,
18.12.2016,757.7600,
17.12.2016,758.5300,
16.12.2016,752.6600,
15.12.2016,744.1100,
14.12.2016,738.4700,
13.12.2016,736.9700,
12.12.2016,740.1400,
11.12.2016,731.4800,
10.12.2016,737.3200,
09.12.2016,730.5700,
08.12.2016,718.7600,
07.12.2016,715.9800,
06.12.2016,709.0500,
05.12.2016,721.3600,
04.12.2016,721.6500,
03.12.2016,721.3400,
02.12.2016,724.1400,
01.12.2016,710.3100,
30.11.2016,697.8600,
29.11.2016,694.6300,
28.11.2016,695.7400,
27.11.2016,695.9800,
26.11.2016,703.6300,
25.11.2016,708.1000,
24.11.2016,710.5400,
23.11.2016,705.5400,
22.11.2016,704.7500,
21.11.2016,700.1900,
20.11.2016,705.6400,
19.11.2016,711.6200,
18.11.2016,704.0000,
17.11.2016,698.8500,
16.11.2016,679.8000,
15.11.2016,665.1200,
14.11.2016,652.1900,
13.11.2016,645.1400,
12.11.2016,657.8300,
11.11.2016,660.8900,
10.11.2016,659.2300,
09.11.2016,661.3900,
08.11.2016,643.6700,
07.11.2016,638.9900,
06.11.2016,638.9300,
05.11.2016,633.7900,
04.11.2016,633.1900,
03.11.2016,656.2400,
02.11.2016,659.6100,
01.11.2016,660.0200,
31.10.2016,640.4300,
30.10.2016,644.2200,
29.10.2016,645.3500,
28.10.2016,632.4900,
27.10.2016,627.3500,
26.10.2016,612.4300,
25.10.2016,605.0400,
24.10.2016,601.7600,
23.10.2016,602.3100,
22.10.2016,591.5800,
21.10.2016,580.5100,
20.10.2016,576.2900,
19.10.2016,579.1200,
18.10.2016,581.4200,
17.10.2016,584.5500,
16.10.2016,585.4800,
15.10.2016,585.3400,
14.10.2016,578.8700,
13.10.2016,579.3300,
12.10.2016,578.0000,
11.10.2016,568.1300,
10.10.2016,552.8600,
09.10.2016,552.8700,
08.10.2016,553.8100,
07.10.2016,553.7400,
06.10.2016,547.9000,
05.10.2016,546.7900,
04.10.2016,545.4300,
03.10.2016,545.7300,
02.10.2016,545.5900,
01.10.2016,546.4200,
30.09.2016,541.2300,
29.09.2016,540.9100,
28.09.2016,541.3500,
27.09.2016,540.6000,
26.09.2016,539.4100,
25.09.2016,537.5800,
24.09.2016,538.9800,
23.09.2016,536.1700,
22.09.2016,534.9400,
21.09.2016,537.0100,
20.09.2016,545.7400,
19.09.2016,547.6500,
18.09.2016,546.7700,
17.09.2016,546.0400,
16.09.2016,542.2200,
15.09.2016,543.4500,
14.09.2016,545.2000,
13.09.2016,542.6300,
12.09.2016,541.3700,
11.09.2016,554.0200,
10.09.2016,556.6600,
09.09.2016,554.1500,
08.09.2016,554.3700,
07.09.2016,544.9900,
06.09.2016,546.2400,
05.09.2016,543.2200,
04.09.2016,540.5600,
03.09.2016,519.4900,
02.09.2016,512.3800,
01.09.2016,514.8000,
31.08.2016,516.2200,
30.08.2016,515.5200,
29.08.2016,512.8400,
28.08.2016,511.2300,
27.08.2016,513.1400,
26.08.2016,517.1200,
25.08.2016,511.1900,
24.08.2016,515.2500,
23.08.2016,518.1100,
22.08.2016,517.8700,
21.08.2016,514.8100,
20.08.2016,512.3700,
19.08.2016,509.4800,
18.08.2016,511.0700,
17.08.2016,512.5800,
16.08.2016,514.0700,
15.08.2016,513.6900,
14.08.2016,521.1000,
13.08.2016,529.7200,
12.08.2016,530.9100,
11.08.2016,532.0400,
10.08.2016,535.6300,
09.08.2016,534.9100,
08.08.2016,536.6200,
07.08.2016,536.0100,
06.08.2016,521.8300,
05.08.2016,517.6000,
04.08.2016,516.8900,
03.08.2016,492.0300,
02.08.2016,531.2100,
01.08.2016,556.6800,
31.07.2016,570.0500,
30.07.2016,588.6500,
29.07.2016,593.6500,
28.07.2016,592.6200,
27.07.2016,594.9600,
26.07.2016,594.2800,
25.07.2016,599.2100,
24.07.2016,599.1500,
23.07.2016,595.8900,
22.07.2016,599.0400,
21.07.2016,603.4400,
20.07.2016,608.4200,
19.07.2016,607.5600,
18.07.2016,613.4200,
17.07.2016,607.6100,
16.07.2016,602.9600,
15.07.2016,602.0800,
14.07.2016,593.1400,
13.07.2016,598.5100,
12.07.2016,594.9400,
11.07.2016,588.3500,
10.07.2016,586.2200,
09.07.2016,591.0200,
08.07.2016,586.9800,
07.07.2016,583.3500,
06.07.2016,609.2800,
05.07.2016,610.2300,
04.07.2016,604.3100,
03.07.2016,609.2600,
02.07.2016,620.2700,
01.07.2016,609.8800,
30.06.2016,591.1600,
29.06.2016,573.5200,
28.06.2016,585.6200,
27.06.2016,582.4200,
26.06.2016,580.9700,
25.06.2016,607.2300,
24.06.2016,591.9900,
23.06.2016,522.2700,
22.06.2016,579.5000,
21.06.2016,608.4500,
20.06.2016,663.5800,
19.06.2016,671.1700,
18.06.2016,668.0300,
17.06.2016,665.6600,
16.06.2016,659.4000,
15.06.2016,609.8200,
14.06.2016,614.1600,
13.06.2016,610.4200,
12.06.2016,569.3800,
11.06.2016,521.5600,
10.06.2016,515.1400,
09.06.2016,513.1200,
08.06.2016,509.5900,
07.06.2016,514.8800,
06.06.2016,514.2200,
05.06.2016,508.1100,
04.06.2016,505.8600,
03.06.2016,492.5500,
02.06.2016,483.0300,
01.06.2016,478.4600,
31.05.2016,482.1600,
30.05.2016,480.0200,
29.05.2016,472.4500,
28.05.2016,448.4000,
27.05.2016,425.4400,
26.05.2016,406.0900,
25.05.2016,405.4500,
24.05.2016,403.4000,
23.05.2016,396.3600,
22.05.2016,396.9400,
21.05.2016,397.9300,
20.05.2016,396.2100,
19.05.2016,404.8300,
18.05.2016,407.2700,
17.05.2016,404.8400,
16.05.2016,406.3200,
15.05.2016,407.8300,
14.05.2016,406.0200,
13.05.2016,404.5300,
12.05.2016,399.4500,
11.05.2016,399.0900,
10.05.2016,403.0200,
09.05.2016,405.7900,
08.05.2016,404.1600,
07.05.2016,403.4100,
06.05.2016,397.9100,
05.05.2016,393.9900,
04.05.2016,391.0000,
03.05.2016,390.0100,
02.05.2016,389.1900,
01.05.2016,395.9200,
30.04.2016,397.3300,
29.04.2016,395.5900,
28.04.2016,393.6300,
27.04.2016,407.3400,
26.04.2016,412.8000,
25.04.2016,408.7700,
24.04.2016,405.4900,
23.04.2016,399.9100,
22.04.2016,398.1900,
21.04.2016,394.2900,
20.04.2016,388.3700,
19.04.2016,380.8800,
18.04.2016,380.4900,
17.04.2016,382.2700,
16.04.2016,383.6200,
15.04.2016,380.3600,
14.04.2016,378.0400,
13.04.2016,377.0000,
12.04.2016,374.5000,
11.04.2016,371.4800,
10.04.2016,370.2300,
09.04.2016,368.1100,
08.04.2016,372.4100,
07.04.2016,372.5300,
06.04.2016,373.1500,
05.04.2016,372.8600,
04.04.2016,370.5000,
03.04.2016,370.8500,
02.04.2016,370.7300,
01.04.2016,367.6900,
31.03.2016,368.2400,
30.03.2016,367.7100,
29.03.2016,373.7500,
28.03.2016,380.0500,
27.03.2016,378.7500,
26.03.2016,376.8000,
25.03.2016,376.6100,
24.03.2016,375.9800,
23.03.2016,376.0700,
22.03.2016,373.9500,
21.03.2016,367.2800,
20.03.2016,367.4600,
19.03.2016,365.1900,
18.03.2016,370.1000,
17.03.2016,373.7500,
16.03.2016,377.8100,
15.03.2016,377.3200,
14.03.2016,375.0500,
13.03.2016,372.3700,
12.03.2016,373.7600,
11.03.2016,378.8400,
10.03.2016,373.7800,
09.03.2016,377.6500,
08.03.2016,377.2700,
07.03.2016,373.5900,
06.03.2016,368.6800,
05.03.2016,368.2600,
04.03.2016,383.7700,
03.03.2016,386.7800,
02.03.2016,399.5500,
01.03.2016,401.6700,
29.02.2016,402.2400,
28.02.2016,394.7100,
27.02.2016,397.1500,
26.02.2016,389.1800,
25.02.2016,385.2300,
24.02.2016,384.4700,
23.02.2016,390.0800,
22.02.2016,396.6400,
21.02.2016,395.0000,
20.02.2016,387.4400,
19.02.2016,378.1600,
18.02.2016,378.8100,
17.02.2016,373.2400,
16.02.2016,363.1800,
15.02.2016,362.4500,
14.02.2016,356.1200,
13.02.2016,346.9500,
12.02.2016,340.3800,
11.02.2016,335.5300,
10.02.2016,337.8200,
09.02.2016,332.0500,
08.02.2016,337.8300,
07.02.2016,339.6100,
06.02.2016,339.1100,
05.02.2016,348.6100,
04.02.2016,339.6700,
03.02.2016,338.7900,
02.02.2016,345.0400,
01.02.2016,344.3700,
31.01.2016,351.4200,
30.01.2016,351.5000,
29.01.2016,348.4600,
28.01.2016,353.3500,
27.01.2016,364.5800,
26.01.2016,364.4800,
25.01.2016,366.8000,
24.01.2016,368.8800,
23.01.2016,361.5100,
22.01.2016,366.1500,
21.01.2016,381.9900,
20.01.2016,362.0500,
19.01.2016,353.4500,
18.01.2016,353.4300,
17.01.2016,353.4800,
16.01.2016,341.2800,
15.01.2016,369.4200,
14.01.2016,397.9300,
13.01.2016,396.3800,
12.01.2016,413.3600,
11.01.2016,413.1500,
10.01.2016,408.6500,
09.01.2016,413.5300,
08.01.2016,417.3900,
07.01.2016,411.5700,
06.01.2016,400.9800,
05.01.2016,403.0200,
04.01.2016,398.9400,
03.01.2016,396.8700,
02.01.2016,400.3000,
01.01.2016,399.5700,
31.12.2015,393.4600,
30.12.2015,394.2300,
29.12.2015,390.7700,
28.12.2015,388.1600,
27.12.2015,382.4500,
26.12.2015,392.4700,
25.12.2015,415.5800,
24.12.2015,415.1500,
23.12.2015,405.2400,
22.12.2015,402.1800,
21.12.2015,401.5700,
20.12.2015,418.5100,
19.12.2015,427.0000,
18.12.2015,424.4600,
17.12.2015,420.9300,
16.12.2015,419.3500,
15.12.2015,418.3500,
14.12.2015,401.9200,
13.12.2015,397.5800,
12.12.2015,393.6300,
11.12.2015,394.2000,
10.12.2015,380.8200,
09.12.2015,379.8200,
08.12.2015,364.6700,
07.12.2015,364.0600,
06.12.2015,362.6900,
05.12.2015,345.6100,
04.12.2015,332.6900,
03.12.2015,333.6100,
02.12.2015,336.4900,
01.12.2015,346.8300,
30.11.2015,356.6000,
29.11.2015,342.1400,
28.11.2015,336.5200,
27.11.2015,336.0200,
26.11.2015,323.7500,
25.11.2015,305.6000,
24.11.2015,303.9800,
23.11.2015,305.0500,
22.11.2015,306.0500,
21.11.2015,306.4000,
20.11.2015,301.4500,
19.11.2015,309.8600,
18.11.2015,314.5500,
17.11.2015,315.1300,
16.11.2015,301.8400,
15.11.2015,306.1900,
14.11.2015,310.9900,
13.11.2015,310.5800,
12.11.2015,303.6500,
11.11.2015,294.5500,
10.11.2015,341.9700,
09.11.2015,349.8300,
08.11.2015,357.4200,
07.11.2015,357.9700,
06.11.2015,346.9600,
05.11.2015,368.1800,
04.11.2015,411.3800,
03.11.2015,349.3800,
02.11.2015,305.1500,
01.11.2015,289.2200,
31.10.2015,294.1400,
30.10.2015,295.6800,
29.10.2015,282.6800,
28.10.2015,276.0900,
27.10.2015,265.6900,
26.10.2015,258.1200,
25.10.2015,263.4100,
24.10.2015,255.6900,
23.10.2015,251.9900,
22.10.2015,246.0200,
21.10.2015,237.9100,
20.10.2015,237.0600,
19.10.2015,233.8400,
18.10.2015,235.9400,
17.10.2015,237.9200,
16.10.2015,230.3100,
15.10.2015,225.1900,
14.10.2015,220.9400,
13.10.2015,219.0200,
12.10.2015,218.8100,
11.10.2015,219.0400,
10.10.2015,217.4100,
09.10.2015,216.6700,
08.10.2015,217.8700,
07.10.2015,219.6800,
06.10.2015,217.5300,
05.10.2015,214.8200,
04.10.2015,214.9700,
03.10.2015,214.2100,
02.10.2015,213.4800,
01.10.2015,213.4500,
30.09.2015,213.6900,
29.09.2015,213.0600,
28.09.2015,212.2000,
27.09.2015,210.2000,
26.09.2015,211.0600,
25.09.2015,211.4000,
24.09.2015,209.3400,
23.09.2015,207.6200,
22.09.2015,207.1300,
21.09.2015,205.1100,
20.09.2015,206.4700,
19.09.2015,206.8500,
18.09.2015,207.6300,
17.09.2015,204.3600,
16.09.2015,204.4600,
15.09.2015,206.0500,
14.09.2015,203.6700,
13.09.2015,206.8700,
12.09.2015,212.5100,
11.09.2015,213.3900,
10.09.2015,213.0800,
09.09.2015,216.4800,
08.09.2015,217.8600,
07.09.2015,216.0900,
06.09.2015,215.7600,
05.09.2015,209.4800,
04.09.2015,207.5300,
03.09.2015,207.5300,
02.09.2015,204.1200,
01.09.2015,203.8800,
31.08.2015,205.0300,
30.08.2015,205.8400,
29.08.2015,207.3800,
28.08.2015,204.1700,
27.08.2015,201.9500,
26.08.2015,199.4300,
25.08.2015,186.3200,
24.08.2015,191.7300,
23.08.2015,202.4300,
22.08.2015,203.6100,
21.08.2015,206.7900,
20.08.2015,207.6500,
19.08.2015,210.7800,
18.08.2015,233.0100,
17.08.2015,234.0600,
16.08.2015,234.7800,
15.08.2015,240.7300,
14.08.2015,239.6200,
13.08.2015,239.0500,
12.08.2015,241.6600,
11.08.2015,242.1700,
10.08.2015,241.5500,
09.08.2015,241.0900,
08.08.2015,251.8300,
07.08.2015,256.1000,
06.08.2015,258.1200,
05.08.2015,261.5000,
04.08.2015,262.1200,
03.08.2015,259.3800,
02.08.2015,256.8200,
01.08.2015,257.7500,
31.07.2015,261.1100,
30.07.2015,264.9800,
29.07.2015,266.3700,
28.07.2015,267.2600,
27.07.2015,263.2900,
26.07.2015,265.5100,
25.07.2015,263.5400,
24.07.2015,257.7200,
23.07.2015,253.7300,
22.07.2015,254.0800,
21.07.2015,256.2900,
20.07.2015,256.5500,
19.07.2015,254.4700,
18.07.2015,256.8600,
17.07.2015,256.9100,
16.07.2015,260.4400,
15.07.2015,266.5500,
14.07.2015,264.9800,
13.07.2015,267.5500,
12.07.2015,274.0500,
11.07.2015,261.8200,
10.07.2015,252.4700,
09.07.2015,245.0400,
08.07.2015,243.9100,
07.07.2015,244.7100,
06.07.2015,246.4300,
05.07.2015,240.2100,
04.07.2015,233.3100,
03.07.2015,231.2800,
02.07.2015,233.3600,
01.07.2015,235.9900,
30.06.2015,236.4000,
29.06.2015,226.5900,
28.06.2015,227.9000,
27.06.2015,222.0900,
26.06.2015,218.9500,
25.06.2015,218.1400,
24.06.2015,218.8500,
23.06.2015,221.2100,
22.06.2015,217.7100,
21.06.2015,216.6200,
20.06.2015,215.4000,
19.06.2015,219.5800,
18.06.2015,219.5200,
17.06.2015,222.0200,
16.06.2015,215.7700,
15.06.2015,209.6800,
14.06.2015,209.2000,
13.06.2015,206.1400,
12.06.2015,206.1200,
11.06.2015,205.9700,
10.06.2015,204.7100,
09.06.2015,205.0100,
08.06.2015,201.3100,
07.06.2015,203.6300,
06.06.2015,204.2200,
05.06.2015,203.4800,
04.06.2015,202.3500,
03.06.2015,202.0900,
02.06.2015,202.3300,
01.06.2015,208.7300,
31.05.2015,213.0200,
30.05.2015,214.9200,
29.05.2015,217.2900,
28.05.2015,217.5700,
27.05.2015,219.2800,
26.05.2015,218.7600,
25.05.2015,218.1600,
24.05.2015,219.0000,
23.05.2015,218.5300,
22.05.2015,216.1600,
21.05.2015,212.8200,
20.05.2015,211.7500,
19.05.2015,210.2500,
18.05.2015,209.6700,
17.05.2015,208.6600,
16.05.2015,209.1300,
15.05.2015,208.8700,
14.05.2015,213.7000,
13.05.2015,214.4800,
12.05.2015,216.8400,
11.05.2015,217.4400,
10.05.2015,216.6500,
09.05.2015,217.2700,
08.05.2015,214.8700,
07.05.2015,207.3400,
06.05.2015,208.1400,
05.05.2015,211.9400,
04.05.2015,216.2100,
03.05.2015,215.2300,
02.05.2015,210.9200,
01.05.2015,211.0200,
30.04.2015,207.6400,
29.04.2015,204.4600,
28.04.2015,207.1600,
27.04.2015,204.2600,
26.04.2015,202.5300,
25.04.2015,211.8800,
24.04.2015,214.6500,
23.04.2015,218.4600,
22.04.2015,220.5600,
21.04.2015,212.1700,
20.04.2015,209.6000,
19.04.2015,208.8600,
18.04.2015,207.5100,
17.04.2015,208.8400,
16.04.2015,212.3100,
15.04.2015,208.4600,
14.04.2015,208.1500,
13.04.2015,221.1900,
12.04.2015,224.1900,
11.04.2015,223.7000,
10.04.2015,225.5500,
09.04.2015,229.6100,
08.04.2015,232.2700,
07.04.2015,236.1100,
06.04.2015,236.4900,
05.04.2015,233.7500,
04.04.2015,232.5500,
03.04.2015,232.5700,
02.04.2015,229.3400,
01.04.2015,227.4100,
31.03.2015,229.7500,
30.03.2015,227.2200,
29.03.2015,226.3100,
28.03.2015,232.0000,
27.03.2015,228.4400,
26.03.2015,229.9200,
25.03.2015,224.1300,
24.03.2015,235.8000,
23.03.2015,245.0400,
22.03.2015,242.6000,
21.03.2015,241.4100,
20.03.2015,242.6900,
19.03.2015,242.0500,
18.03.2015,253.9800,
17.03.2015,274.4400,
16.03.2015,276.2100,
15.03.2015,271.7900,
14.03.2015,270.7100,
13.03.2015,277.9000,
12.03.2015,278.1800,
11.03.2015,278.8200,
10.03.2015,275.2000,
09.03.2015,260.3100,
08.03.2015,254.8800,
07.03.2015,252.8900,
06.03.2015,252.2600,
05.03.2015,246.2100,
04.03.2015,252.2700,
03.03.2015,246.7600,
02.03.2015,235.0100,
01.03.2015,226.1200,
28.02.2015,226.4300,
27.02.2015,223.8300,
26.02.2015,212.3200,
25.02.2015,210.5500,
24.02.2015,211.6200,
23.02.2015,209.2200,
22.02.2015,213.1100,
21.02.2015,215.8100,
20.02.2015,214.2600,
19.02.2015,210.1600,
18.02.2015,210.8800,
17.02.2015,209.6700,
16.02.2015,206.7700,
15.02.2015,219.5100,
14.02.2015,216.1800,
13.02.2015,203.9600,
12.02.2015,194.1200,
11.02.2015,195.9800,
10.02.2015,194.0400,
09.02.2015,195.7500,
08.02.2015,199.5900,
07.02.2015,200.4400,
06.02.2015,195.1500,
05.02.2015,194.7400,
04.02.2015,199.6600,
03.02.2015,206.9600,
02.02.2015,200.6800,
01.02.2015,193.7000,
31.01.2015,202.4700,
30.01.2015,206.3200,
29.01.2015,205.5100,
28.01.2015,224.7000,
27.01.2015,229.9600,
26.01.2015,250.1600,
25.01.2015,223.3100,
24.01.2015,212.5500,
23.01.2015,205.7700,
22.01.2015,204.4600,
21.01.2015,185.9000,
20.01.2015,183.3900,
19.01.2015,183.2600,
18.01.2015,178.7400,
17.01.2015,174.4400,
16.01.2015,183.4400,
15.01.2015,177.9200,
14.01.2015,168.7900,
13.01.2015,204.7000,
12.01.2015,228.5400,
11.01.2015,231.6500,
10.01.2015,237.5100,
09.01.2015,241.4700,
08.01.2015,245.8200,
07.01.2015,244.1800,
06.01.2015,233.9800,
05.01.2015,228.4800,
04.01.2015,230.6400,
03.01.2015,254.3100,
02.01.2015,262.3600,
01.01.2015,263.1000,
31.12.2014,260.5000,
30.12.2014,259.6700,
29.12.2014,261.0300,
28.12.2014,261.1100,
27.12.2014,263.6000,
26.12.2014,266.2100,
25.12.2014,263.3700,
24.12.2014,271.7300,
23.12.2014,274.8100,
22.12.2014,269.2300,
21.12.2014,266.2800,
20.12.2014,266.1500,
19.12.2014,256.7400,
18.12.2014,255.2900,
17.12.2014,262.7000,
16.12.2014,269.4800,
15.12.2014,280.8400,
14.12.2014,281.1100,
13.12.2014,280.4600,
12.12.2014,282.5200,
11.12.2014,284.4600,
10.12.2014,282.0800,
09.12.2014,286.2600,
08.12.2014,300.9600,
07.12.2014,306.3200,
06.12.2014,305.2800,
05.12.2014,303.6200,
04.12.2014,303.0100,
03.12.2014,307.9700,
02.12.2014,308.5400,
01.12.2014,305.5000,
30.11.2014,304.3400,
29.11.2014,304.4800,
28.11.2014,297.5800,
27.11.2014,299.0500,
26.11.2014,298.3000,
25.11.2014,307.5600,
24.11.2014,301.8400,
23.11.2014,290.7100,
22.11.2014,288.5000,
21.11.2014,284.3800,
20.11.2014,292.4000,
19.11.2014,302.8100,
18.11.2014,304.8100,
17.11.2014,318.7000,
16.11.2014,306.7000,
15.11.2014,309.2500,
14.11.2014,317.1800,
13.11.2014,345.5900,
12.11.2014,317.5600,
11.11.2014,294.9200,
10.11.2014,294.2400,
09.11.2014,281.8800,
08.11.2014,276.8700,
07.11.2014,277.7500,
06.11.2014,277.3300,
05.11.2014,270.9000,
04.11.2014,261.8000,
03.11.2014,263.7800,
02.11.2014,260.3300,
01.11.2014,264.0200,
31.10.2014,273.3600,
30.10.2014,269.2100,
29.10.2014,275.4500,
28.10.2014,280.4400,
27.10.2014,279.8100,
26.10.2014,278.1600,
25.10.2014,277.0300,
24.10.2014,283.1500,
23.10.2014,292.1000,
22.10.2014,304.7500,
21.10.2014,304.1400,
20.10.2014,300.2900,
19.10.2014,306.7000,
18.10.2014,303.0500,
17.10.2014,298.5900,
16.10.2014,303.1500,
15.10.2014,308.3500,
14.10.2014,317.9300,
13.10.2014,297.7100,
12.10.2014,287.6700,
11.10.2014,286.0300,
10.10.2014,287.6400,
09.10.2014,286.2200,
08.10.2014,266.2600,
07.10.2014,261.4900,
06.10.2014,257.1800,
05.10.2014,254.0600,
04.10.2014,277.9700,
03.10.2014,295.9800,
02.10.2014,300.2700,
01.10.2014,305.5300,
30.09.2014,301.7500,
29.09.2014,298.5600,
28.09.2014,309.5200,
27.09.2014,317.5200,
26.09.2014,320.4200,
25.09.2014,324.2600,
24.09.2014,334.0900,
23.09.2014,318.2400,
22.09.2014,313.2900,
21.09.2014,312.8000,
20.09.2014,320.1000,
19.09.2014,316.6400,
18.09.2014,341.3700,
17.09.2014,358.8500,
16.09.2014,364.0600,
15.09.2014,368.8900,
14.09.2014,368.6600,
13.09.2014,369.1500,
12.09.2014,367.4000,
11.09.2014,370.4700,
10.09.2014,372.3300,
09.09.2014,364.8700,
08.09.2014,368.5600,
07.09.2014,375.0500,
06.09.2014,374.4100,
05.09.2014,375.9200,
04.09.2014,374.4300,
03.09.2014,363.8800,
02.09.2014,363.9800,
01.09.2014,365.1100,
31.08.2014,372.9100,
30.08.2014,384.0400,
29.08.2014,386.7500,
28.08.2014,387.5700,
27.08.2014,390.1200,
26.08.2014,385.4300,
25.08.2014,381.7500,
24.08.2014,381.6200,
23.08.2014,380.5500,
22.08.2014,387.0900,
21.08.2014,391.2100,
20.08.2014,368.1200,
19.08.2014,354.2900,
18.08.2014,354.7600,
17.08.2014,375.8200,
16.08.2014,373.2500,
15.08.2014,377.9800,
14.08.2014,390.1000,
13.08.2014,414.4000,
12.08.2014,427.0200,
11.08.2014,437.7600,
10.08.2014,440.0100,
09.08.2014,439.3200,
08.08.2014,442.3400,
07.08.2014,438.6200,
06.08.2014,437.5700,
05.08.2014,438.8200,
04.08.2014,437.8600,
03.08.2014,436.0100,
02.08.2014,439.6600,
01.08.2014,440.9000,
31.07.2014,428.0400,
30.07.2014,432.3900,
29.07.2014,436.3800,
28.07.2014,435.2800,
27.07.2014,443.6500,
26.07.2014,444.4100,
25.07.2014,447.8500,
24.07.2014,453.4900,
23.07.2014,461.5900,
22.07.2014,462.1500,
21.07.2014,459.6900,
20.07.2014,459.9400,
19.07.2014,461.0600,
18.07.2014,460.8900,
17.07.2014,457.3400,
16.07.2014,457.3900,
15.07.2014,458.9000,
14.07.2014,456.9400,
13.07.2014,461.9300,
12.07.2014,463.3600,
11.07.2014,457.5200,
10.07.2014,455.0100,
09.07.2014,458.2300,
08.07.2014,458.6400,
07.07.2014,461.8200,
06.07.2014,466.6200,
05.07.2014,464.1700,
04.07.2014,469.8500,
03.07.2014,474.3400,
02.07.2014,473.7300,
01.07.2014,475.6000,
30.06.2014,453.6600,
29.06.2014,439.2400,
28.06.2014,439.4800,
27.06.2014,438.7500,
26.06.2014,430.0200,
25.06.2014,420.8600,
24.06.2014,435.1800,
23.06.2014,436.7900,
22.06.2014,442.7800,
21.06.2014,436.8700,
20.06.2014,436.6400,
19.06.2014,445.9200,
18.06.2014,449.2800,
17.06.2014,442.6400,
16.06.2014,440.3200,
15.06.2014,419.7300,
14.06.2014,428.3800,
13.06.2014,442.8100,
12.06.2014,461.4900,
11.06.2014,477.5600,
10.06.2014,482.4100,
09.06.2014,478.4200,
08.06.2014,480.9100,
07.06.2014,478.5900,
06.06.2014,481.3200,
05.06.2014,476.8800,
04.06.2014,471.9600,
03.06.2014,485.4900,
02.06.2014,467.2300,
01.06.2014,472.3000,
31.05.2014,452.4300,
30.05.2014,438.0100,
29.05.2014,416.6400,
28.05.2014,420.9100,
27.05.2014,420.9200,
26.05.2014,425.2300,
25.05.2014,410.0000,
24.05.2014,382.1500,
23.05.2014,387.5800,
22.05.2014,372.1100,
21.05.2014,358.9800,
20.05.2014,338.9200,
19.05.2014,325.3200,
18.05.2014,326.5700,
17.05.2014,328.0900,
16.05.2014,327.1700,
15.05.2014,326.3100,
14.05.2014,323.4800,
13.05.2014,321.1100,
12.05.2014,319.9700,
11.05.2014,323.4200,
10.05.2014,328.2100,
09.05.2014,325.0100,
08.05.2014,320.4900,
07.05.2014,313.8600,
06.05.2014,308.6200,
05.05.2014,312.2300,
04.05.2014,313.5700,
03.05.2014,317.9300,
02.05.2014,324.0200,
01.05.2014,327.5700,
30.04.2014,321.5300,
29.04.2014,321.7100,
28.04.2014,315.1100,
27.04.2014,326.6400,
26.04.2014,329.8200,
25.04.2014,334.9600,
24.04.2014,354.5300,
23.04.2014,354.6900,
22.04.2014,358.3300,
21.04.2014,362.8200,
20.04.2014,363.4300,
19.04.2014,355.6600,
18.04.2014,351.7400,
17.04.2014,365.8900,
16.04.2014,373.6800,
15.04.2014,352.7800,
14.04.2014,322.6600,
13.04.2014,300.6300,
12.04.2014,306.7400,
11.04.2014,290.7800,
10.04.2014,294.4300,
09.04.2014,324.8100,
08.04.2014,326.7300,
07.04.2014,331.1200,
06.04.2014,335.7500,
05.04.2014,329.6000,
04.04.2014,323.0700,
03.04.2014,315.8100,
02.04.2014,338.8300,
01.04.2014,335.2000,
31.03.2014,333.0100,
30.03.2014,342.7800,
29.03.2014,362.5800,
28.03.2014,365.4000,
27.03.2014,394.9700,
26.03.2014,421.3700,
25.03.2014,418.5700,
24.03.2014,408.0400,
23.03.2014,410.2200,
22.03.2014,409.8700,
21.03.2014,422.5800,
20.03.2014,427.9600,
19.03.2014,441.7400,
18.03.2014,440.9500,
17.03.2014,446.8000,
16.03.2014,453.3000,
15.03.2014,456.5800,
14.03.2014,451.8500,
13.03.2014,460.1000,
12.03.2014,454.9900,
11.03.2014,456.1900,
10.03.2014,451.6900,
09.03.2014,459.3800,
08.03.2014,445.5700,
07.03.2014,453.8800,
06.03.2014,475.5100,
05.03.2014,482.3600,
04.03.2014,485.7600,
03.03.2014,481.4000,
02.03.2014,404.4600,
01.03.2014,410.8900,
28.02.2014,400.5600,
27.02.2014,424.3300,
26.02.2014,427.1200,
25.02.2014,390.0500,
24.02.2014,402.2400,
23.02.2014,445.6800,
22.02.2014,437.3200,
21.02.2014,417.3000,
20.02.2014,411.0700,
19.02.2014,455.4400,
18.02.2014,456.3000,
17.02.2014,460.2600,
16.02.2014,451.0500,
15.02.2014,477.1800,
14.02.2014,485.0300,
13.02.2014,450.3600,
12.02.2014,485.2400,
11.02.2014,490.8900,
10.02.2014,497.3000,
09.02.2014,505.5000,
08.02.2014,498.4500,
07.02.2014,531.3200,
06.02.2014,576.6000,
05.02.2014,605.8500,
04.02.2014,614.2800,
03.02.2014,610.2100,
02.02.2014,613.5100,
01.02.2014,620.2100,
31.01.2014,613.5500,
30.01.2014,596.4700,
29.01.2014,606.5700,
28.01.2014,598.6300,
27.01.2014,565.8100,
26.01.2014,620.4000,
25.01.2014,599.0000,
24.01.2014,574.9100,
23.01.2014,597.0000,
22.01.2014,610.6700,
21.01.2014,620.7500,
20.01.2014,624.9700,
19.01.2014,626.7400,
18.01.2014,602.4700,
17.01.2014,594.6100,
16.01.2014,606.6300,
15.01.2014,626.4800,
14.01.2014,606.0300,
13.01.2014,610.3600,
12.01.2014,596.1100,
11.01.2014,628.0500,
10.01.2014,659.0600,
09.01.2014,611.9700,
08.01.2014,609.9300,
07.01.2014,619.6400,
06.01.2014,672.3000,
05.01.2014,715.7300,
04.01.2014,624.1400,
03.01.2014,588.6500,
02.01.2014,589.1800,
01.01.2014,537.8900,
31.12.2013,544.7300,
30.12.2013,529.1600,
29.12.2013,532.7100,
28.12.2013,520.1500,
27.12.2013,531.0100,
26.12.2013,544.3200,
25.12.2013,511.3900,
24.12.2013,481.4100,
23.12.2013,473.9400,
22.12.2013,459.1100,
21.12.2013,464.9700,
20.12.2013,448.7800,
19.12.2013,494.3600,
18.12.2013,428.8700,
17.12.2013,348.5700,
16.12.2013,495.6400,
15.12.2013,591.6500,
14.12.2013,607.7200,
13.12.2013,646.7500,
12.12.2013,671.0300,
11.12.2013,638.9900,
10.12.2013,684.3000,
09.12.2013,680.3500,
08.12.2013,650.5900,
07.12.2013,578.8100,
06.12.2013,498.6900,
05.12.2013,743.8300,
04.12.2013,715.6200,
03.12.2013,802.2900,
02.12.2013,773.9400,
01.12.2013,761.2000,
30.11.2013,812.2400,
29.11.2013,870.8700,
28.11.2013,830.2200,
27.11.2013,745.6100,
26.11.2013,669.6000,
25.11.2013,627.1000,
24.11.2013,622.9100,
23.11.2013,599.9200,
22.11.2013,661.5200,
21.11.2013,562.4100,
20.11.2013,502.9400,
19.11.2013,419.3300,
18.11.2013,597.9000,
17.11.2013,441.5300,
16.11.2013,356.7300,
15.11.2013,326.2800,
14.11.2013,318.0300,
13.11.2013,315.5200,
12.11.2013,285.1200,
11.11.2013,281.1000,
10.11.2013,253.9500,
09.11.2013,253.1100,
08.11.2013,278.9600,
07.11.2013,236.0500,
06.11.2013,216.1300,
05.11.2013,191.1100,
04.11.2013,173.4100,
03.11.2013,160.3700,
02.11.2013,153.7100,
01.11.2013,153.9600,
31.10.2013,151.1600,
30.10.2013,148.3700,
29.10.2013,149.0200,
28.10.2013,146.4700,
27.10.2013,145.8600,
26.10.2013,141.9600,
25.10.2013,128.7200,
24.10.2013,130.8800,
23.10.2013,142.2000,
22.10.2013,151.8500,
21.10.2013,142.1900,
20.10.2013,133.6200,
19.10.2013,123.9500,
18.10.2013,122.7300,
17.10.2013,113.2900,
16.10.2013,108.9500,
15.10.2013,107.0400,
14.10.2013,107.0600,
13.10.2013,103.3500,
12.10.2013,100.9900,
11.10.2013,98.6700,
10.10.2013,96.6000,
09.10.2013,96.4400,
08.10.2013,96.5500,
07.10.2013,93.2000,
06.10.2013,94.2600,
05.10.2013,93.9600,
04.10.2013,93.8500,
03.10.2013,94.7500,
02.10.2013,89.0800,
01.10.2013,98.1700,
30.09.2013,98.6700,
29.09.2013,98.3900,
28.09.2013,100.5600,
27.09.2013,97.4800,
26.09.2013,96.5100,
25.09.2013,94.4800,
24.09.2013,94.4300,
23.09.2013,93.1700,
22.09.2013,93.8800,
21.09.2013,93.8700,
20.09.2013,94.1200,
19.09.2013,95.1900,
18.09.2013,96.6100,
17.09.2013,98.5900,
16.09.2013,97.7700,
15.09.2013,97.0800,
14.09.2013,96.4500,
13.09.2013,96.0500,
12.09.2013,100.4300,
11.09.2013,99.6600,
10.09.2013,97.4900,
09.09.2013,94.7400,
08.09.2013,95.6400,
07.09.2013,90.9900,
06.09.2013,93.2800,
05.09.2013,91.0800,
04.09.2013,96.7000,
03.09.2013,100.9200,
02.09.2013,134.2725,
01.09.2013,134.6627,
31.08.2013,137.3821,
30.08.2013,136.7214,
29.08.2013,125.0108,
28.08.2013,115.8689,
27.08.2013,82.7000,
26.08.2013,117.3686,
25.08.2013,76.8000,
24.08.2013,112.9385,
23.08.2013,111.9783,
22.08.2013,107.5196,
21.08.2013,111.9342,
20.08.2013,110.5471,
19.08.2013,112.9995,
18.08.2013,107.6068,
17.08.2013,105.5685,
16.08.2013,104.6478,
15.08.2013,102.8026,
14.08.2013,103.9473,
13.08.2013,105.2000,
12.08.2013,77.7000,
11.08.2013,97.0000,
10.08.2013,93.4072,
09.08.2013,96.7842,
08.08.2013,93.0000,
07.08.2013,96.3085,
06.08.2013,99.4238,
05.08.2013,99.2297,
04.08.2013,79.0000,
03.08.2013,96.7310,
02.08.2013,78.0000,
01.08.2013,95.0542,
31.07.2013,97.1993,
30.07.2013,97.7298,
29.07.2013,98.2575,
28.07.2013,92.7517,
27.07.2013,93.0494,
25.07.2013,90.0083,
24.07.2013,90.0958,
23.07.2013,89.2747,
22.07.2013,60.5100,
21.07.2013,88.0502,
20.07.2013,84.7270,
19.07.2013,85.3863,
18.07.2013,88.3465,
17.07.2013,87.6245,
16.07.2013,64.1026,
15.07.2013,92.8693,
14.07.2013,94.7232,
13.07.2013,90.1822,
12.07.2013,95.3876,
11.07.2013,93.0000,
10.07.2013,85.3411,
08.07.2013,74.4950,
07.07.2013,75.2249,
06.07.2013,70.2454,
05.07.2013,66.1500,
04.07.2013,57.3461,
03.07.2013,70.0000,
02.07.2013,75.0000,
01.07.2013,82.8478,
30.06.2013,85.7050,
29.06.2013,93.1080,
28.06.2013,92.8073,
27.06.2013,79.2000,
26.06.2013,94.4478,
25.06.2013,99.9689,
24.06.2013,97.9486,
23.06.2013,92.3998,
22.06.2013,99.8178,
21.06.2013,101.3666,
20.06.2013,100.8803,
19.06.2013,101.1338,
18.06.2013,76.6903,
17.06.2013,96.8358,
16.06.2013,94.4782,
15.06.2013,90.3282,
14.06.2013,93.7704,
13.06.2013,90.8642,
12.06.2013,93.7054,
11.06.2013,80.7608,
10.06.2013,103.4346,
08.06.2013,95.3464,
06.06.2013,104.5607,
05.06.2013,114.1764,
04.06.2013,113.9554,
03.06.2013,121.7880,
02.06.2013,113.1372,
01.06.2013,114.5627,
31.05.2013,123.0637,
30.05.2013,123.6000,
29.05.2013,127.2154,
28.05.2013,101.6900,
27.05.2013,103.0000,
26.05.2013,101.3100,
25.05.2013,101.5000,
